sen,spe,pre,mcc,auc,auprc
1.0,0.0,0.7108433734939759,0.0,0.5,0.7108433734939759
1.0,0.0,0.7195121951219512,0.0,0.5,0.7195121951219512
1.0,0.0,0.7073170731707317,0.0,0.5,0.7073170731707317
1.0,0.0,0.7073170731707317,0.0,0.5,0.7073170731707317
1.0,0.0,0.7073170731707317,0.0,0.5,0.7073170731707317
